bert_score_precision,bert_score_recall,bert_score_f1,exact_match_accuracy,rouge1_precision,rouge1_recall,rouge1_f1,rouge2_precision,rouge2_recall,rouge2_f1,rougeL_precision,rougeL_recall,rougeL_f1
0.8328508734703064,0.8700392842292786,0.8498935699462891,0.19750889679715303,0.2523763861166738,0.5387278350356642,0.2553076753521023,0.07888476882999179,0.13930513681312345,0.07567078412304667,0.25137455117919205,0.5370833397523789,0.2545453560205563
