bert_score_precision,bert_score_recall,bert_score_f1,exact_match_accuracy,rouge1_precision,rouge1_recall,rouge1_f1,rouge2_precision,rouge2_recall,rouge2_f1,rougeL_precision,rougeL_recall,rougeL_f1
0.8435055613517761,0.8766384720802307,0.8584854006767273,0.25622775800711745,0.3477712659705743,0.6133578344261855,0.34987914883681703,0.09804984693899114,0.14834320684807134,0.09607295332182804,0.34311508363799553,0.6076625927746047,0.3454851211914967
