bert_score_precision,bert_score_recall,bert_score_f1,exact_match_accuracy,rouge1_precision,rouge1_recall,rouge1_f1,rouge2_precision,rouge2_recall,rouge2_f1,rougeL_precision,rougeL_recall,rougeL_f1
0.8274053931236267,0.8639264702796936,0.8440225720405579,0.1512455516014235,0.19514947847752256,0.47079216068969415,0.19968128144726827,0.05130835790619093,0.10576952190150851,0.05319143795415481,0.19441157216347704,0.4695146422413572,0.19921014383917182
