bert_score_precision,bert_score_recall,bert_score_f1,exact_match_accuracy,rouge1_precision,rouge1_recall,rouge1_f1,rouge2_precision,rouge2_recall,rouge2_f1,rougeL_precision,rougeL_recall,rougeL_f1
0.8255775570869446,0.8641993999481201,0.8432780504226685,0.1619217081850534,0.21615744408340057,0.5033120282997569,0.21803721099548126,0.07597812285228024,0.14178784469238728,0.07528306556582438,0.21560995835189842,0.5015157225888603,0.2174987981009515
