bert_score_precision,bert_score_recall,bert_score_f1,exact_match_accuracy,rouge1_precision,rouge1_recall,rouge1_f1,rouge2_precision,rouge2_recall,rouge2_f1,rougeL_precision,rougeL_recall,rougeL_f1
0.8379232883453369,0.8752467036247253,0.8548871874809265,0.20462633451957296,0.29200299999382234,0.5745276206326408,0.29493554119111864,0.09386674007487317,0.14592576338971255,0.08828571321294412,0.28923995448270506,0.5695568401280525,0.292050022948689
