bert_score_precision,bert_score_recall,bert_score_f1,exact_match_accuracy,rouge1_precision,rouge1_recall,rouge1_f1,rouge2_precision,rouge2_recall,rouge2_f1,rougeL_precision,rougeL_recall,rougeL_f1,prediction_file
0.8274053931236267,0.8639264702796936,0.8440225720405579,0.1512455516014235,0.19514947847752256,0.47079216068969415,0.19968128144726827,0.05130835790619093,0.10576952190150851,0.05319143795415481,0.19441157216347704,0.4695146422413572,0.19921014383917182,predict_1.csv
0.8255775570869446,0.8641993999481201,0.8432780504226685,0.1619217081850534,0.21615744408340057,0.5033120282997569,0.21803721099548126,0.07597812285228024,0.14178784469238728,0.07528306556582438,0.21560995835189842,0.5015157225888603,0.2174987981009515,predict_5.csv
0.8328508734703064,0.8700392842292786,0.8498935699462891,0.19750889679715303,0.2523763861166738,0.5387278350356642,0.2553076753521023,0.07888476882999179,0.13930513681312345,0.07567078412304667,0.25137455117919205,0.5370833397523789,0.2545453560205563,predict_10.csv
0.8379232883453369,0.8752467036247253,0.8548871874809265,0.20462633451957296,0.29200299999382234,0.5745276206326408,0.29493554119111864,0.09386674007487317,0.14592576338971255,0.08828571321294412,0.28923995448270506,0.5695568401280525,0.292050022948689,predict_20.csv
0.8435055613517761,0.8766384720802307,0.8584854006767273,0.25622775800711745,0.3477712659705743,0.6133578344261855,0.34987914883681703,0.09804984693899114,0.14834320684807134,0.09607295332182804,0.34311508363799553,0.6076625927746047,0.3454851211914967,predict_50.csv
